title,rating,reviews_count,type_ins
Machine Learning,4.739922694643843,12677,University
Indigenous Canada,4.816438356164384,1460,University
The Science of Well-Being,4.929503597999756,8199,University
Technical Support Fundamentals,4.76748237245956,12055,Other
Become a CBRS Certified Professional Installer by Google,4.818181818181818,33,Other
Financial Markets,4.811454311454312,3108,University
Introduction to Psychology,4.852736318407961,3015,University
Programming for Everybody (Getting Started with Python),4.583672665177985,15226,University
The Bits and Bytes of Computer Networking,4.628921670475795,4813,Other
AI For Everyone,4.845112374763065,7386,Other
Crash Course on Python,4.7251624883936865,3231,Other
Psychological First Aid,4.841421736158578,2926,University
Neural Networks and Deep Learning,4.77123332248617,12292,Other
What is Data Science?,4.622820062187373,7397,Other
Successful Negotiation: Essential Strategies and Skills,4.805507145346811,2869,University
Fundamentals of Project Planning and Management,4.764134275618375,1132,University
Project Launch,4.361111111111111,36,University
"Brand Management: Aligning Business, Brand and Behaviour",4.8964252978918426,1091,Other
Writing in the Sciences,4.919129082426127,1286,University
Stanford Introduction to Food and Health,4.693655589123867,4965,University
"HTML, CSS, and Javascript for Web Developers",4.758631512868801,3186,University
Excel Skills for Business: Essentials,4.888301477565406,7377,University
Introduction to Negotiation: A Strategic Playbook for Becoming a Principled and Persuasive Negotiator,4.883429672447013,1038,University
"Everyday Excel, Part 1",4.755775577557756,303,University
Learning How to Learn: Powerful mental tools to help you master tough subjects,4.801196192401651,11871,University
Google Cloud Platform Fundamentals: Core Infrastructure,4.694018534119629,5935,Other
Viral Marketing and How to Craft Contagious Content,4.7544128933231,1303,University
Python Data Structures,4.849851164419541,11422,University
Private Equity and Venture Capital,4.762250453720508,1102,University
First Step Korean,4.869848156182212,5993,University
"Introduction to TensorFlow for Artificial Intelligence, Machine Learning, and Deep Learning",4.650616332819722,2596,Other
Operating Systems and You: Becoming a Power User,4.503410641200546,2199,Other
Tools for Data Science,4.012816072047108,2887,Other
"Improving Deep Neural Networks: Hyperparameter tuning, Regularization and Optimization",4.801784266017843,6165,Other
Diversity and inclusion in the workplace,4.658333333333333,120,Other
Design and Interpretation of Clinical Trials,4.736730360934183,471,University
Visual Elements of User Interface Design,4.6,760,Institute
Management of Fashion and Luxury Companies,4.7112970711297075,956,University
Primeros Auxilios Psicológicos (PAP),4.870596959584724,2697,University
Social Psychology,4.83453237410072,1251,University
Initiating and Planning Projects,4.714285714285714,2961,University
Computational Thinking for Problem Solving,4.625482625482626,259,University
Agile with Atlassian Jira,4.663421418636996,719,Other
Fundamentals of Graphic Design,4.779751332149201,2815,Institute
Introduction to User Experience Design,4.4774774774774775,777,Institute
Introduction to Marketing,4.746014877789586,1882,University
Python for Data Science and AI,4.291478260869566,2875,Other
Marketing Analytics,4.660468319559229,1452,University
Natural Language Processing with Classification and Vector Spaces,4.402439024390244,328,Other
Fundamentals of Quantitative Modeling,4.537007874015748,1270,University
How to Manage a Remote Team,5.0,5,Other
Mathematics for Machine Learning: Linear Algebra,4.57273280584297,1643,University
Introduction to Data Science in Python,4.234324104234528,4912,University
Customer Analytics,4.451518119490696,2042,University
Introduction to Psychology,4.8815566835871405,1182,University
English for Career Development,4.865221808330511,2953,University
Global Diplomacy – Diplomacy in the Modern World,4.639322916666667,768,University
SQL for Data Science,4.494867639113992,1851,University
Write Professional Emails in English,4.801294498381877,3090,Institute
Medical Neuroscience,4.904135338345864,532,University
System Administration and IT Infrastructure Services,4.657158529895776,1823,Other
International Women's Health and Human Rights,4.884297520661157,242,University
Child Nutrition and Cooking,4.770538243626063,2118,University
Understanding the Brain: The Neurobiology of Everyday Life,4.897435897435898,507,University
Introduction to Social Media Marketing,4.8125,48,Other
Forensic Accounting and Fraud Examination,4.701030927835052,873,University
Clinical Terminology for International and U.S. Students,4.815461346633416,401,University
Science of Exercise,4.836016096579477,994,University
Digital Product Management: Modern Fundamentals,4.727395411605938,741,University
Data Science Math Skills,4.449943117178612,1758,University
Structuring Machine Learning Projects,4.7074718526100305,4885,Other
An Introduction to American Law,4.835374149659864,735,University
The Strategy of Content Marketing,4.4655172413793105,812,University
Introduction to Cybersecurity Tools & Cyber Attacks,4.274461028192372,1206,Other
The Data Scientist’s Toolbox,4.4799070076386585,6022,University
Animal Behaviour and Welfare,4.8075,800,University
Convolutional Neural Networks in TensorFlow,4.469640644361834,807,Other
Positive Psychology: Martin E. P. Seligman’s Visionary Science,4.86144578313253,1328,University
Introduction to the Biology of Cancer,4.803427419354839,992,University
Convolutional Neural Networks,3.8553750966744005,1293,Other
Using Python to Access Web Data,4.714109483423284,6485,University
Introductory Human Physiology,4.780250347705146,719,University
Introduction to Systematic Review and Meta-Analysis,4.774250440917108,567,University
Communication Strategies for a Virtual Age,4.847319347319347,858,University
Moral Foundations of Politics,4.871060171919771,698,University
Étudier en France: French Intermediate course B1-B2,4.845121951219512,820,Other
Managing the Company of the Future,4.842298288508557,818,Other
Finance for Non-Finance Professionals,4.814516129032258,372,University
Site Reliability Engineering: Measuring and Managing Reliability,4.163265306122449,147,Other
Autism Spectrum Disorder,4.634854771784233,482,University
Data Science Methodology,4.338389731621937,1714,Other
Introduction to Financial Accounting,4.755240027045301,1479,University
Marketing in a Digital World,4.725449335764522,3839,University
Wind Energy,4.717252396166134,1252,University
Principles of Sustainable Finance,4.833333333333333,48,University
Financial Engineering and Risk Management Part I,4.365196078431373,408,University
Introduction to Philosophy,4.698874917273329,1511,University
Business Metrics for Data-Driven Companies,4.5539617486338795,1464,University
Python Basics,4.794927853082641,2287,University
Introduction to Sustainability,4.769771528998243,569,University
Positive Psychiatry and Mental Health,4.819012797074954,547,University
Cryptography I,4.78486646884273,674,University
Learning to Teach Online,4.786637931034483,928,University
IT Security: Defense against the digital dark arts,4.763485477178423,1446,Other
Entreprise et changement climatique,5.0,2,Other
An Introduction to Consumer Neuroscience & Neuromarketing,4.648648648648648,518,Other
Gamification,4.75,672,University
Contabilidad para no contadores,4.763168316831683,2525,University
Using Python to Interact with the Operating System,4.55049504950495,505,Other
Object-Oriented Data Structures in C++,4.608355091383812,383,University
Google Cloud Platform Big Data and Machine Learning Fundamentals,4.553171196948021,2097,Other
Databases and SQL for Data Science,4.38131122833459,1327,Other
Natural Language Processing in TensorFlow,4.254062038404727,677,Other
"Advanced Valuation and Strategy - M&A, Private Equity, and Venture Capital",4.572192513368984,187,University
Natural Language Processing with Probabilistic Models,4.555555555555555,99,Other
Vital Signs: Understanding What the Body Is Telling Us,4.826943005181347,965,University
Understanding Research Methods,4.579588728103579,1313,University
IBM Customer Engagement Specialist Professional Certificate,4.811111111111111,180,Other
Introduction to Calculus,4.878402903811252,551,University
Camino a la Excelencia en Gestión de Proyectos,4.564367816091954,1740,University
Introduction to HTML5,3.9888089528377297,1251,University
Wine Tasting: Sensory Techniques for Wine Analysis,4.490384615384615,104,University
Excel Skills for Business: Intermediate I,4.8965360072926165,2194,University
"Programming Foundations with JavaScript, HTML and CSS",4.533483146067415,2225,University
Build a Modern Computer from First Principles: From Nand to Tetris (Project-Centered Course),4.888130968622101,733,University
Food & Beverage Management,4.815384615384615,715,University
Data Analysis with Python,4.43194925028835,1734,Other
Project Planning,4.35,20,University
Agile Meets Design Thinking,4.750390015600624,641,University
AWS Fundamentals: Going Cloud-Native,4.680155210643015,1804,Other
Construction Project Management,4.753846153846154,845,University
Introduction to Mathematical Thinking,4.786036036036036,444,University
Everyday Parenting: The ABCs of Child Rearing,4.929530201342282,596,University
Introduction to Healthcare,4.0,6,University
Machine Learning with Python,4.492443324937028,1588,Other
Terrorism and Counterterrorism: Comparing Theory and Practice,4.752508361204013,598,University
Data Management for Clinical Research,4.73992673992674,273,University
Sustainable Fashion,4.841269841269841,126,Other
Foundations of Data Science: K-Means Clustering in Python,4.6,80,University
Instructional Design Foundations and Applications,3.860215053763441,93,University
Cursos en línea: modelo para armar,4.896551724137931,58,University
Modern Art & Ideas,4.780016792611251,1191,Other
"Speak English Professionally: In Person, Online & On the Phone",4.749771689497717,2190,Institute
Essential Google Cloud Infrastructure: Foundation,4.707152496626181,1482,Other
Introduction to Artificial Intelligence (AI),4.737288135593221,1298,Other
Dog Emotion and Cognition,4.661259541984733,1048,University
International Leadership and Organizational Behavior,4.826086956521739,460,University
Driving business towards the Sustainable Development Goals,4.907216494845361,97,University
"The Sustainable Development Goals – A global, transdisciplinary vision for the future",4.794520547945205,657,University
Digital Transformation,4.7994296577946765,1052,Other
Sequence Models,4.633866481223922,2876,Other
Devenir entrepreneur du changement,4.745762711864407,177,Other
Seeing Through Photographs,4.77599142550911,933,Other
Entrepreneurship 1: Developing the Opportunity,4.77906976744186,688,University
Introduction to Search Engine Optimization,4.585099939430648,1651,University
Learn to Speak Korean 1,4.896234309623431,1195,University
Drug Development,4.520766773162939,313,University
R Programming,4.245404868355688,4026,University
Economics of Money and Banking,4.887719298245614,285,University
Chinese for Beginners,4.796844181459566,3549,University
Grammar and Punctuation,4.75310008857396,4516,University
Japanese for beginners 1,3.611111111111111,36,University
Introduction to English Common Law,4.8392156862745095,255,University
Introduction to Dental Medicine,4.8530805687203795,211,University
Fundamentals of Reinforcement Learning,4.689655172413793,377,Institute
The Power of Macroeconomics: Economic Principles in the Real World,4.619047619047619,504,University
Corporate Sustainability. Understanding and Seizing the Strategic Opportunity,4.633333333333334,90,University
Behavioral Finance,4.124386252045826,611,University
"Sequences, Time Series and Prediction",4.453815261044177,498,Other
Supply Chain Logistics,4.710656316160903,1417,University
Project Execution,3.7222222222222223,18,University
Nutrición y obesidad: control de sobrepeso,4.789231779382797,1523,University
Microeconomics Principles,4.8293333333333335,375,University
Creative Writing: The Craft of Plot,4.648854961832061,1048,University
Astronomy: Exploring Time and Space,4.883544303797469,790,University
Oil & Gas Industry Operations and Markets,4.823214285714286,1120,University
Design Thinking for Innovation,4.667032364234778,1823,University
EDIVET: Do you have what it takes to be a veterinarian?,4.762755102040816,392,University
Learn to Program: The Fundamentals,4.734966592427617,1347,University
Financial Accounting Fundamentals,4.837772397094431,413,University
Finding Purpose and Meaning In Life: Living for What Matters Most,4.795221843003413,293,University
Understanding Clinical Research: Behind the Statistics,4.8317460317460315,630,University
Epidemiology: The Basic Science of Public Health,4.6520710059171595,845,University
Fashion as Design,4.8279773156899815,529,Other
Teamwork Skills: Communicating Effectively in Groups,4.772954924874791,599,University
Feminism and Social Justice,4.818998716302953,779,University
International Organizations Management,4.801418439716312,282,University
Marketing Digital,4.709976798143852,431,University
Fundamentals of GIS,4.852253756260434,1198,University
e-Learning Ecologies: Innovative Approaches to Teaching and Learning for the Digital Age,4.542168674698795,83,University
"Excel/VBA for Creative Problem Solving, Part 1",4.817808219178082,730,University
Rethinking International Tax Law,4.854460093896714,213,University
Introduction to Probability and Data with R,4.599605522682446,1014,University
Understanding and Visualizing Data with Python,4.542207792207792,308,University
Fundamentals of Visualization with Tableau,4.304393305439331,956,University
Getting Started with SAS Programming,4.8808777429467085,319,Other
Machine Learning for All,4.675814751286449,583,University
Using Databases with Python,4.7011922503725785,2684,University
Addiction Treatment: Clinical Skills for Healthcare Providers,4.924812030075188,133,University
Dino 101: Dinosaur Paleobiology,4.9221476510067115,745,University
Sports Marketing,4.699074074074074,216,University
Positive Psychology,4.659316427783903,907,University
Introduction to Programming with MATLAB,4.811858974358974,3120,University
Preparing to Manage Human Resources,4.835942818243703,1469,University
Solar Energy Basics,4.767726161369193,409,University
Front-End Web UI Frameworks and Tools: Bootstrap 4,4.813981762917933,1645,University
Building Scalable Java Microservices with Spring Boot and Spring Cloud,3.94300518134715,193,Other
Introduction to Forensic Science,4.84593023255814,344,University
Google Cloud Product Fundamentals,4.619565217391305,92,Other
American Contract Law I,4.852941176470588,102,University
Engineering Health: Introduction to Yoga and Physiology,4.701298701298701,77,University
AI for Medical Diagnosis,4.583657587548638,257,Other
Natural Language Processing with Sequence Models,3.967741935483871,62,Other
Introduction to Electronics,4.671309192200557,359,Institute
International Humanitarian Law in Theory and Practice,4.842931937172775,191,University
Making Architecture,4.823275862068965,232,Other
Model Thinking,4.772251308900524,382,University
Supporting children with difficulties in reading and writing,4.747282608695652,368,University
Innovation Management,4.636075949367089,316,University
The Manager's Toolkit: A Practical Guide to Managing People at Work,4.6328125,512,University
"The Modern World, Part One: Global History from 1760 to 1910",4.815175097276264,514,University
Supply Chain Principles,4.561933534743202,331,Institute
Essential Google Cloud Infrastructure: Core Services,4.650331125827814,755,Other
Weight Management: Beyond Balancing Calories,4.73936170212766,188,University
Miracles of Human Language: An Introduction to Linguistics,4.666666666666667,483,University
Java Programming: Solving Problems with Software,4.435828877005347,1122,University
Race and Cultural Diversity in American Life and History,4.510204081632653,98,University
Inspiring and Motivating Individuals,4.828644501278772,782,University
"Competencias digitales. Herramientas de ofimática (Microsoft Word, Excel, Power Point)",4.7855855855855856,1110,University
Healing with the Arts,4.716814159292035,226,University
People Analytics,4.511758118701008,893,University
What is Social?,4.5860517435320585,889,University
UX Design Fundamentals,4.767068273092369,249,Institute
Creative Thinking: Techniques and Tools for Success,4.746987951807229,664,University
Introduction to Classical Music,4.909090909090909,792,University
Children's Human Rights - An Interdisciplinary Introduction,4.627976190476191,336,University
Investment Management in an Evolving and Volatile World by HEC Paris and AXA Investment Managers,4.488188976377953,127,Other
Introduction to Data Analysis Using Excel,4.675745784695201,1542,University
Mind Control: Managing Your Mental Health During COVID-19,4.818545697131421,1499,University
Introduction to International Criminal Law,4.835548172757475,602,University
"FinTech: Foundations, Payments, and Regulations",4.57037037037037,270,University
Greek and Roman Mythology,4.775743707093821,437,University
Politics and Economics of International Energy,4.720125786163522,318,Other
Continuous Delivery & DevOps,4.548523206751055,237,University
Teach English Now! Foundational Principles,4.91411501120239,2678,University
Business Model Innovation,4.734939759036145,83,Other
Introduction to User Experience Principles and Processes,4.7591623036649215,191,University
Beyond the Sustainable Development Goals (SDGs): Addressing Sustainability and Development,4.672413793103448,58,University
Process Mining: Data science in Action,4.68,200,University
Fundamentals of Immunology: Innate Immunity and B-Cell Function,4.758620689655173,203,University
Introduction to Corporate Finance,4.437118437118437,819,University
Global Diplomacy: the United Nations in the World,4.679310344827586,290,University
Algorithmic Toolbox,4.535564853556485,1912,University
Troubles du spectre de l'autisme : diagnostic,4.872340425531915,94,University
Anatomy: Musculoskeletal and Integumentary Systems,4.808764940239044,251,University
A Crash Course in Causality:  Inferring Causal Effects from Observational Data,4.619565217391305,92,University
English for Business and Entrepreneurship,4.877737226277373,1096,University
Natural Language Processing with Attention Models,3.2857142857142856,21,Other
What is Compliance?,4.798319327731092,119,University
Getting Started with Google Sheets,4.562162162162162,185,Other
Data Visualization with Python,4.045252883762201,1127,Other
Foundations of Mindfulness,4.82051282051282,39,University
Negociación exitosa: Estrategias y habilidades esenciales (en español),4.818181818181818,715,University
Data-driven Decision Making,4.5073995771670194,946,Other
Fundamentals of Engineering Exam Review,4.393939393939394,132,Institute
Gender and Sexuality: Diversity and Inclusion in the Workplace,4.650406504065041,123,University
Managerial Accounting Fundamentals,4.87012987012987,77,University
Search Engine Optimization Fundamentals,4.719745222929936,471,University
Essentials of Global Health,4.857651245551601,281,University
International Security Management,4.658227848101266,79,University
Getting Started with AWS Machine Learning,4.413344887348353,1154,Other
Arts and Heritage Management,4.793478260869565,184,University
Understanding Einstein: The Special Theory of Relativity,4.899135446685879,694,University
Réussir le Changement,4.394009216589862,434,Other
Equine Welfare and Management,4.892857142857143,56,University
International migrations: a global issue,4.316666666666666,60,Other
Introduction to Web Development,4.65335463258786,626,University
Writing and Editing: Word Choice and Word Order,4.742857142857143,105,University
Introduction to the Digital Advertising Landscape,4.488888888888889,45,University
Access Controls,4.466666666666667,45,Other
Engineering Project Management: Initiating and Planning,4.764331210191083,471,University
Kotlin for Java Developers,4.557632398753894,321,Other
Mathematics for Machine Learning: Multivariate Calculus,4.642241379310345,696,University
Introduction to Git and GitHub,4.791848617176128,687,Other
Industrial Biotechnology,4.587743732590529,359,University
The Addicted Brain,4.5479452054794525,438,University
Introducción a la programación en Python I: Aprendiendo a programar con Python,4.205154639175258,970,University
Modernizing Data Lakes and Data Warehouses with GCP,4.604444444444445,225,Other
Drug Discovery,4.580310880829016,386,University
Nutrition and Lifestyle in Pregnancy,4.763440860215054,465,University
Financial Acumen for Non-Financial Managers,4.252336448598131,107,University
Python and Statistics for Financial Analysis,4.270022883295194,437,University
Bugs 101: Insect-Human Interactions,4.962962962962963,297,University
Autodesk Certified Professional: Revit for Architectural Design Exam Prep,4.672897196261682,107,Other
"Leading for Equity, Diversity and Inclusion in Higher Education",4.7105263157894735,38,University
Enterprise Architecture,4.545454545454546,33,University
Introduction to Spreadsheets and Models,3.6188811188811187,572,University
The Arts and Science of Relationships: Understanding Human Needs,4.431095406360424,283,University
Essentials in Clinical Simulations Across the Health Professions,4.8164556962025316,158,University
Budgeting and Scheduling Projects,4.7305524239007894,887,University
Machine Learning for Business Professionals,4.574370709382151,874,Other
Introduction to Accounting Data Analytics and Visualization,4.883720930232558,43,University
Spanish Vocabulary: Meeting People,4.518828451882845,478,University
Gestión Empresarial Exitosa para Pymes,4.8560090702947845,1764,University
Public Policy Challenges of the 21st Century,4.5661764705882355,272,University
International Law in Action: the Arbitration of International Disputes,4.852941176470588,102,University
Introduction to Ancient Egypt and Its Civilization,4.616487455197133,558,University
Financing and Investing in Infrastructure,4.842696629213483,356,University
Global Environmental Management,4.657243816254417,283,University
Operations Analytics,4.660240963855422,830,University
Entrepreneurship Strategy: From Ideation to Exit,1.0,6,Other
FinTech Law and Policy,4.825688073394495,109,University
The Social Context of Mental Health and Illness,4.614457831325301,83,University
What Is Contemporary Art?,4.7534246575342465,292,Other
The Art of Music Production,4.82830626450116,431,University
Biohacking Your Brain's Health,4.70042194092827,237,University
Bayesian Statistics: From Concept to Data Analysis,4.4484375,640,University
Reporting extra-financier et stratégie RSE,4.6415094339622645,53,Other
Leading Healthcare Quality and Safety,4.78494623655914,186,University
Understanding International Relations Theory,4.59433962264151,106,University
Introduction to Data Analytics,4.777777777777778,18,Other
Fundamentos de Excel para Negocios,4.8064,1250,University
Elastic Google Cloud Infrastructure: Scaling and Automation,4.581430745814307,657,Other
Cultural Competence - Aboriginal Sydney,4.75,44,University
Fundamentos de Finanzas Empresariales,4.898058252427185,1442,University
Greening the Economy: Sustainable Cities,4.59463986599665,597,University
Introduction to Engineering Mechanics,4.764383561643836,730,Institute
Design-Led Strategy: Design thinking for business strategy and entrepreneurship,4.622222222222222,135,University
Biology Meets Programming: Bioinformatics for Beginners,4.061889250814332,307,University
Understanding Medical Research: Your Facebook Friend is Wrong,4.925093632958801,267,University
Health Behavior Change: From Evidence to Action,4.925925925925926,27,University
Ordered Data Structures,4.670103092783505,97,University
Mindshift: Break Through Obstacles to Learning and Discover Your Hidden Potential,4.842684268426843,2727,University
Programming Fundamentals,4.643485211830535,1251,University
Understanding Financial Markets,4.703271028037383,856,University
In the Studio: Postwar Abstract Painting,4.921739130434783,460,Other
Drug Commercialization,4.6092715231788075,151,University
Introduction to Software Product Management,4.548746518105849,1077,University
"Social Norms, Social Change I",4.6061381074168795,391,Other
Excel Skills for Business: Intermediate II,4.731417244796829,1009,University
Aboriginal Worldviews and Education,4.552238805970149,67,University
"Information Systems Auditing, Controls and Assurance",4.700440528634362,227,University
Six Sigma Principles,4.529531568228106,982,University
Business Writing,4.818742293464858,811,University
Autodesk Certified Professional: AutoCAD for Design and Drafting Exam Prep,4.728971962616822,321,Other
Introduction to Typography,4.762962962962963,810,Institute
Customer Segmentation and Prospecting,4.722222222222222,162,University
Claves para Gestionar Personas,4.84984520123839,646,Other
English for Journalism,4.819536423841059,604,University
How Things Work: An Introduction to Physics,4.808064516129032,620,University
Business English: Networking,4.801047120418848,573,University
Summary Statistics in Public Health,4.793991416309013,233,University
Global Energy and Climate Policy,4.621359223300971,103,University
El Abogado del Futuro: Legaltech y la Transformación Digital del Derecho,4.968,125,University
Probability and Statistics: To p or not to p?,4.669642857142857,336,University
Gut Check: Exploring Your Microbiome,4.7370517928286855,251,University
Econometrics: Methods and Applications,4.465,200,University
Разработка веб-сервисов на Go - основы языка,4.691489361702128,94,Institute
Mastering Data Analysis in Excel,3.71267252195734,797,University
Basic Statistics,4.589435774309724,833,University
"Capstone: Retrieving, Processing, and Visualizing Data with Python",4.508108108108108,1295,University
Design Thinking for the Greater Good: Innovation in the Social Sector,4.583333333333333,84,University
Introduction to Portfolio Construction and Analysis with Python,4.769230769230769,195,Other
Data Analytics for Lean Six Sigma,4.87481590574374,679,University
Refugees in the 21st Century,4.816666666666666,60,University
Building Containerized Applications on AWS,4.318181818181818,44,Other
Business Transformation with Google Cloud,4.718232044198895,181,Other
Version Control with Git,4.747323340471092,467,Other
"Transmedia Storytelling: Narrative worlds, emerging technologies, and global audiences",4.715976331360947,169,University
Excel aplicado a los negocios (Nivel Avanzado),4.719626168224299,642,University
Introduction to Public Speaking,4.812807881773399,406,University
Building Conversational Experiences with Dialogflow,4.2314410480349345,229,Other
Guitar for Beginners,4.726591760299626,534,University
Managing Project Risks and Changes,4.774352651048089,811,University
L'excellence opérationnelle en pratique,4.73469387755102,98,Other
Introduction to Cloud Computing,4.819277108433735,83,Other
Sample-based Learning Methods,4.449664429530201,149,Institute
Functional Programming Principles in Scala,4.719163763066202,1435,Other
Introduction to Blockchain Technologies,4.711920529801325,302,Other
Introduction to Environmental Law and Policy,4.871892925430211,523,University
"Cameras, Exposure, and Photography",4.727357609710551,1071,University
Democracia y decisiones públicas. Introducción al análisis de políticas públicas,4.860091743119266,436,University
Dentistry 101,4.84375,32,University
"Python Functions, Files, and Dictionaries",4.805607476635514,535,University
Anticorrupción: Introducción a conceptos y perspectiva práctica,4.851948051948052,385,University
Positive Psychology: Applications and Interventions,4.741206030150754,398,University
Introduction to Embedded Systems Software and Development Environments,4.275229357798165,109,University
Personal & Family Financial Planning,4.605263157894737,380,University
A Law Student's Toolkit,4.680412371134021,291,University
Introducción a Data Science: Programación Estadística con R,4.732971165900543,2393,University
"Cybersecurity Roles, Processes & Operating System Security",4.406976744186046,344,Other
Computational Neuroscience,4.53932584269663,178,University
Smart Cities – Management of Smart Urban Infrastructures,4.594594594594595,222,Other
Getting Started with Go,4.404458598726115,314,University
Introduction to Economic Theories,4.136363636363637,44,University
The Power of Microeconomics: Economic Principles in the Real World,4.62962962962963,270,University
Introduction to Personal Branding,4.447368421052632,1976,University
Love as a Force for Social Justice,4.712328767123288,73,University
Mathematical Thinking in Computer Science,4.246458923512748,353,University
Introduction to Genetics and Evolution,4.840304182509506,263,University
Основы программирования на Python,4.293893129770993,524,University
Improving Communication Skills,4.7,360,University
"Introduction to Trading, Machine Learning & GCP",3.463768115942029,138,Institute
Python Programming: A Concise Introduction,4.661498708010336,1161,University
"The Modern World, Part Two: Global History since 1910",4.793103448275862,290,University
Understanding Plants - Part I: What a Plant Knows,4.825958702064897,339,University
Excel Fundamentals for Data Analysis,4.587628865979381,97,University
Finanzas personales,4.803474903474903,2590,University
English Composition I,4.569832402234637,179,University
Career 911: Your Future Job in Medicine and Healthcare,4.2727272727272725,11,University
Introduction to Self-Driving Cars,4.647590361445783,332,University
Corporate & Commercial Law I: Contracts & Employment Law,4.842592592592593,108,University
Blockchain Basics,4.503150315031503,1111,University
Foundations of Business Strategy,4.795154185022026,454,University
Introdução à Ciência da Computação com Python Parte 1,4.86892177589852,1419,University
Stochastic processes,4.168674698795181,83,University
Foundations for Big Data Analysis with SQL,4.8152866242038215,157,Other
"Innovation Through Design: Think, Make, Break, Repeat",4.757894736842105,95,University
Perfect Tenses and Modals,4.807162534435261,726,University
Getting Started with Azure,4.285714285714286,63,Other
Moralities of Everyday Life,4.840909090909091,572,University
Revisão Sistemática e Meta-análise,4.9211087420042645,469,University
Understanding child development: from synapse to society,4.636363636363637,44,University
Introduction to G Suite,4.619596541786744,347,Other
Aprendiendo a aprender: Poderosas herramientas mentales con las que podrás dominar temas difíciles (Learning How to Learn),4.919417475728156,3090,University
Building Batch Data Pipelines on GCP,4.255813953488372,129,Other
Financial Planning for Young Adults,4.414634146341464,82,University
Quantitative Methods,4.7132743362831855,565,University
"Introduction to Self-Determination Theory: An approach to motivation, development and wellness",4.921052631578948,76,University
The Technology of Music Production,4.851063829787234,235,University
Code Yourself! An Introduction to Programming,4.800595238095238,672,University
Success,4.902985074626866,268,University
Chemicals and Health,4.790816326530612,196,University
Improving your statistical inferences,4.887179487179488,195,University
Fundamentals of Finance,3.888888888888889,9,University
How Google does Machine Learning,4.487019730010384,963,Other
Object-Oriented Design,4.542553191489362,282,University
Introduction to Intellectual Property,4.753086419753086,81,University
Cost and Economics in Pricing Strategy,4.810344827586207,116,Other
Write A Feature Length Screenplay For Film Or Television,4.625,32,University
Marketing Gerencial,4.722745625841184,743,University
Corporate Finance Essentials,4.855652173913043,575,Other
Information Security: Context and Introduction,4.65406976744186,344,University
"Anatomy of the Chest, Abdomen, and Pelvis",4.802631578947368,228,University
Introduction to CSS3,4.790759075907591,1515,University
Applied Data Science Capstone,4.509466437177281,581,Other
Introduction aux Droits de l’Homme,4.858173076923077,416,University
"Programming Languages, Part A",4.918575063613232,393,University
Big History: Connecting Knowledge,4.786096256684492,374,University
Leadership in 21st Century Organizations,4.745762711864407,236,Other
Software Processes and Agile Practices,4.6747352496217855,661,University
DevOps Culture and Mindset,4.8108108108108105,74,University
Introduction to Statistics & Data Analysis in Public Health,4.67515923566879,157,University
Discrete Optimization,4.833333333333333,120,University
Основы разработки на C++: белый пояс,4.729651162790698,344,Institute
COVID-19 Contact Tracing For Nursing Professionals,4.428571428571429,7,University
High Stakes Leadership: Leading in Times of Crisis,4.777777777777778,27,University
Essential Epidemiologic Tools for Public Health Practice,4.635371179039302,458,University
Epigenetic Control of Gene Expression,1.0,6,University
"Recruiting, Hiring, and Onboarding Employees",3.84375,192,University
AWS Fundamentals: Addressing Security Risk,4.162698412698413,252,Other
Ancient Philosophy: Plato & His Predecessors,4.052631578947368,76,University
Becoming a changemaker: Introduction to Social Innovation,4.241379310344827,58,University
Spanish for Successful Communication in Healthcare Settings,4.0,6,University
Leading transformations: Manage change,4.3090909090909095,55,University
Introduction to Systems Engineering,4.7317073170731705,82,University
Bayesian Statistics: Techniques and Models,4.757009345794392,107,University
Human Rights for Open Societies,4.767123287671233,73,University
Introduction to Computers and Office Productivity Software,4.6,35,University
The Introduction to Quantum Computing,3.2045454545454546,44,University
Intercultural Management,4.444444444444445,63,Other
Get Interactive: Practical Teaching with Technology,4.780898876404494,178,University
Global Financial Markets and Instruments,4.307984790874524,263,University
Write Your First Novel,3.85,20,University
Développement psychologique de l'enfant,4.91588785046729,107,University
Songwriting: Writing the Lyrics,4.75,176,University
"Applied Plotting, Charting & Data Representation in Python",4.339160839160839,858,University
Systems Thinking In Public Health,4.513888888888889,144,University
Excel Skills for Business: Advanced,4.6825,800,University
Introduction to Neuroeconomics: How the Brain Makes Decisions,4.612903225806452,279,University
Community Organizing for Social Justice,4.53125,32,University
Build a Modern Computer from First Principles: Nand to Tetris Part II (project-centered course),4.956989247311828,93,University
The Global Financial Crisis,4.8557457212713935,409,University
Agile и Scrum в работе над проектами и продуктами,4.7272727272727275,44,Other
Renewable Energy and Green Building Entrepreneurship,4.714652956298201,389,University
The Cycle: Management of Successful Arts and Cultural Organizations,4.861111111111111,108,University
Privacy Law and Data Protection,4.78125,64,University
Building Modern Python Applications on AWS,5.0,1,Other
Digital Business Models,4.495412844036697,109,University
"Everyday Excel, Part 2",4.95,40,University
Reliable Google Cloud Infrastructure: Design and Process,4.653916211293261,549,Other
Introduction to Computer Programming,3.920289855072464,138,University
"Big Data Essentials: HDFS, MapReduce and Spark RDD",3.484126984126984,126,Other
Dermatology: Trip to skin,4.077922077922078,77,University
Sustainable Tourism – promoting environmental public health,4.5041322314049586,242,University
Population Health During A Pandemic: Contact Tracing and Beyond,4.796610169491525,118,University
Social Impact Strategy: Tools for Entrepreneurs and Innovators,4.855263157894737,228,University
C for Everyone: Programming Fundamentals,4.546318289786223,842,University
Introduction to Structured Query Language (SQL),4.739130434782608,713,University
Social and Economic Networks:  Models and Analysis,1.0,6,University
The Truth About Cats and Dogs,4.769953051643192,426,University
Sports and Society,4.87962962962963,216,University
Fundamentals of Scalable Data Science,4.0,355,Other
Effective Compliance Programs,4.90566037735849,53,University
Transformation of the Global Food System,4.830985915492958,71,University
Web Application Technologies and Django,4.628787878787879,132,University
Curanderismo: Traditional Healing Using Plants,1.0,6,University
Applied Machine Learning in Python,4.488471391972673,1171,University
Troubleshooting and Debugging Techniques,4.189944134078212,179,Other
Introduction to C# Programming and Unity,4.672544080604534,397,University
"Corrección, estilo y  variaciones de la lengua española",4.736413043478261,368,University
Les Fondamentaux de la Négociation,4.863013698630137,73,Other
The Science of Success: What Researchers Know that You Should Know,4.848101265822785,553,University
Finance for Non-Financial Managers,4.130434782608695,69,University
Getting Started With Music Theory,4.263736263736264,182,University
The Horse Course: Introduction to Basic Care and Management,4.907407407407407,270,University
Verb Tenses and Passives,4.736363636363636,330,University
Gestión de organizaciones efectivas,4.7560975609756095,615,University
Introduction to Big Data,4.567393458870169,2018,University
Rédaction de contrats,4.843971631205674,141,University
Philosophy and the Sciences: Introduction to the Philosophy of Cognitive Sciences,4.552511415525114,219,University
Schizophrenia,4.7040358744394615,223,University
Ecology: Ecosystem Dynamics and Conservation,4.852362204724409,508,Institute
Introduction to Game Development,4.751980982567353,1262,University
Practical Time Series Analysis,4.461290322580645,310,University
VLSI CAD Part I: Logic,4.723684210526316,76,University
Getting Started with Google Kubernetes Engine,4.245696400625978,639,Other
Exploring ​and ​Preparing ​your ​Data with BigQuery,4.4573170731707314,328,Other
Six Sigma and the Organization (Advanced),4.711822660098522,406,University
Social Work Practice: Advocating Social Justice and Change,4.8,5,University
Introduction to Machine Learning,4.655813953488372,215,University
Entrepreneurship 2: Launching your Start-Up,4.778761061946903,226,University
Nanotechnology: A Maker’s Course,4.84,450,University
Creative Problem Solving,4.456140350877193,513,University
"Sleep: Neurobiology, Medicine, and Society",4.694444444444445,72,University
COVID-19: What You Need to Know (CME Eligible),4.838901262063845,1347,Other
Classical Sociological Theory,4.867961165048544,515,University
Electric Industry Operations and Markets,4.682926829268292,164,University
Preparing for the Google Cloud Professional Cloud Architect Exam,4.443037974683544,158,Other
Effective Business Presentations with Powerpoint,4.575949367088608,158,Other
More Introduction to Financial Accounting,4.810526315789474,95,University
Cryptocurrency and Blockchain: An Introduction to Digital Currencies,4.484615384615385,130,University
Think Again I: How to Understand Arguments,4.5969125214408235,583,University
Developing Your Musicianship,4.84789644012945,309,University
Introduction to Operations Management,4.297008547008547,468,University
The Oral Cavity: Portal to Health and Disease,4.923913043478261,92,University
Preparing for the Google Cloud Associate Cloud Engineer Exam,4.53784860557769,251,Other
Fundamental Neuroscience for Neuroimaging,4.639498432601881,319,University
European Business Law: Understanding the Fundamentals,4.709219858156028,141,University
Teach English Now! Teaching Language Online,4.544303797468355,79,University
Front-End Web Development with React,4.602787456445993,574,University
Music Business Foundations,4.856209150326797,459,University
Introduction to Business Analytics: Communicating with Data,4.563106796116505,103,University
Machine Learning Foundations: A Case Study Approach,4.487741456166419,2692,University
Accounting Analytics,4.395299145299146,468,University
Strategic Business Management - Microeconomics,4.75,28,University
"Epidemics, Pandemics and Outbreaks",4.737179487179487,468,University
Roman Architecture,4.850393700787402,127,University
Research Data Management and Sharing,4.6875,128,University
Introduction to Genomic Technologies,4.477894736842106,475,University
Strategic Management,4.785333333333333,750,Other
Cybersecurity Compliance Framework & System Administration,4.511363636363637,176,Other
Legal Tech & Startups,4.386363636363637,44,Other
Introduction to Chemistry:  Reactions and Ratios,4.825842696629214,178,University
The Science of Stem Cells,4.734177215189874,316,Other
The Business of Product Management I,4.6,5,Other
Positive Psychology: Resilience Skills,4.886409736308316,493,University
AI for Medical Prognosis,4.747126436781609,87,Other
Antibiotic Stewardship,4.1891891891891895,37,University
UX / UI: Fundamentos para o design de interface,4.341269841269841,126,University
EMT Foundations,4.844262295081967,122,University
Industrial IoT on Google Cloud Platform,4.5316239316239315,585,Other
"Penetration Testing, Incident Response and Forensics",4.435294117647059,85,Other
Database Management Essentials,4.479629629629629,540,University
Advertising and Society,4.805369127516778,149,University
Everyday Chinese Medicine,4.709302325581396,172,University
Fundamentals of Machine Learning for Healthcare,4.9,10,University
New Approaches to Countering Terror: Countering Violent Extremism,4.84,25,University
Magic in the Middle Ages,4.54353562005277,379,University
Challenging Forensic Science: How Science Should Speak to Court,4.850746268656716,67,University
Exploring Renewable Energy Schemes,4.790322580645161,62,University
Paleontology: Theropod Dinosaurs and the Origin of Birds,4.907407407407407,324,University
Corporate Strategy,4.875,144,Other
Getting Started with Essay Writing,4.673352435530086,698,University
Actualización en el manejo del paciente con diabetes mellitus tipo 2,4.845849802371541,253,University
Mastering Final Cut Pro,4.45945945945946,37,Other
Removing Barriers to Change,5.0,8,University
Tricky American English Pronunciation,4.740924092409241,606,University
Managing an Agile Team,4.65625,192,University
International Law in Action: A Guide to the International Courts and Tribunals in The Hague,4.751412429378531,177,University
"Competencias Laborales: Perfiles, Evaluación y Capacitación.",4.310344827586207,87,University
Getting started with TensorFlow 2,4.882352941176471,51,University
Geopolitics of Europe,3.7349397590361444,83,Other
Osteoarchaeology: The Truth in Our Bones,4.580645161290323,124,University
Mathematics for Machine Learning: PCA,3.4482758620689653,522,University
Object Oriented Programming in Java,4.66890756302521,1190,University
Embedded Software and Hardware Architecture,4.368421052631579,57,University
Memoir and Personal Essay: Managing Your Relationship with the Reader,4.258620689655173,58,University
Математика и Python для анализа данных,4.627403846153846,832,Institute
Hacia una práctica constructivista en el aula,4.905096660808436,569,University
Hypothesis-Driven Development,4.5,106,University
Accounting Data Analytics with Python,3.5,8,University
Introduction to Molecular Spectroscopy,4.607843137254902,408,University
Managing as a Coach,4.73404255319149,282,University
